epoch,train_loss,loss,psnr,ssim,baseline_psnr,baseline_ssim
1,0.04672835501950038,0.09705970054655744,19.041613747121588,0.8790388667402376,14.263407831960464,0.7259053860085553
2,0.027535177705319304,0.08766082642894042,19.98090548249999,0.8937553938096316,14.263407831960464,0.7259053860085553
3,0.022249388439090627,0.09075210185950262,19.66013446137329,0.89694521363023,14.263407831960464,0.7259053860085553
4,0.02028875505375235,0.09081948007407942,19.633734501966078,0.9023269610541162,14.263407831960464,0.7259053860085553
5,0.01935785836530359,0.08846213550944078,19.912477073991372,0.9082888742021743,14.263407831960464,0.7259053860085553
6,0.01873511283021224,0.0891513970075992,19.786923397781994,0.9058330504207532,14.263407831960464,0.7259053860085553
7,0.018130248784234648,0.08677634756293214,20.01721611045137,0.9112456221074944,14.263407831960464,0.7259053860085553
8,0.017883804881259013,0.0877265350599038,19.928234410640016,0.9107402820264245,14.263407831960464,0.7259053860085553
9,0.017561486877108876,0.08637198272504304,20.041546585577596,0.9128363936271123,14.263407831960464,0.7259053860085553
10,0.017177855752016368,0.08795654480917411,19.93559640321857,0.9115054513881645,14.263407831960464,0.7259053860085553
11,0.01694067036870279,0.08566766114611375,20.172510751373878,0.9145077170103287,14.263407831960464,0.7259053860085553
12,0.01669379371483075,0.08431697333591026,20.30552197513691,0.9160528636017581,14.263407831960464,0.7259053860085553
13,0.016730082610720082,0.08459056275978423,20.258618543911656,0.9151390165244643,14.263407831960464,0.7259053860085553
14,0.016541912292179307,0.0856525557082996,20.2518042985063,0.9051277802834835,14.263407831960464,0.7259053860085553
15,0.016215765455051472,0.08817380245840341,19.893345992897068,0.9072078190105474,14.263407831960464,0.7259053860085553
16,0.01621879973301762,0.08643996618818818,20.07918010910185,0.9085417588095956,14.263407831960464,0.7259053860085553
17,0.016037170843074197,0.08388509386987017,20.331466276617306,0.9168623926937481,14.263407831960464,0.7259053860085553
18,0.015898141969975674,0.08519443247401924,20.235529894494547,0.9136150011877029,14.263407831960464,0.7259053860085553
19,0.015932212079041882,0.08746603167893593,20.039813215390396,0.9065363763561147,14.263407831960464,0.7259053860085553
20,0.015579985623689074,0.08387990102433322,20.32332097197905,0.9147807286059425,14.263407831960464,0.7259053860085553
21,0.01567120467636146,0.08807841000849741,19.914332419957,0.9127033417056016,14.263407831960464,0.7259053860085553
22,0.01565886520241436,0.08220421624811072,20.619785869552246,0.9118730932658602,14.263407831960464,0.7259053860085553
23,0.015328393331483791,0.08665083842842203,20.105888965901066,0.9062223725268561,14.263407831960464,0.7259053860085553
24,0.015406813760729212,0.08569293158096179,20.204315842622755,0.9113742951087365,14.263407831960464,0.7259053860085553
25,0.015311777385834016,0.08193658336735608,20.57773378328108,0.9160985181442376,14.263407831960464,0.7259053860085553
26,0.015259736970067024,0.08334807486910568,20.529936925030086,0.9018570738677925,14.263407831960464,0.7259053860085553
27,0.01510488179639766,0.08561184152699354,20.211138472626523,0.9159327654000238,14.263407831960464,0.7259053860085553
28,0.015259162599318907,0.08662170556030775,20.077666918696924,0.9128381919262091,14.263407831960464,0.7259053860085553
29,0.015123684203154162,0.08343352683280644,20.432494929781797,0.9147906952633602,14.263407831960464,0.7259053860085553
30,0.014909263431241639,0.08708405460704836,20.00104075219693,0.9143078455048258,14.263407831960464,0.7259053860085553
